Nom;Adresse;Téléphone;Site web;Zone;Trouble cognitif léger;Trouble cognitif sévère;Orienter - Domicile;Orienter - Hospitalisation;Bilanter;Troubles du comportement|3;Pas d’aidants|2;Maltraitance|3;Perte d’autonomie|2;Chute|1;Déficit sensoriel gênants|2;Logement inadapté|1;Faibles ressources économiques|2;Isolement familial et géographique|1
Hébergement temporaire Saint germain l’herme : Maison de retraite roux de Berny ;place De La Rodade, 63630 Saint-Germain-l'Herm;04 73 72 00 26;;Ambert;0;0;0;0;0;0;1;0;0;0;0;0;0;0
EHPAD Saint Germain Lherm : Roux de Berny;Place De La Rodade, 63630 Saint-Germain-l'Herm;04 73 72 00 26;;Ambert;1;1;1;1;1;1;0;0;1;0;0;0;0;0
EHPAD Saint Amand Roche Savine ;1 Rue Gaspard des Montagnes, 63890 Saint-Amant-Roche-Savine;04 73 72 68 35;;Ambert;0;0;0;0;0;1;0;0;1;0;0;0;0;0
EHPAD Cunlhat : Milles sourires;4 Quartier Lamothe, 63590 Cunlhat;04 73 72 70 00;www.ehpadmillesourires.fr;Ambert;1;1;1;1;1;1;0;0;1;0;0;0;0;0
PASA EHPAD Cunlhat : Milles sourires;4 Quartier Lamothe, 63590 Cunlhat;04 73 72 70 00;www.ehpadmillesourires.fr;Ambert;1;1;…(à compléter);0;…(à compléter);1;0;0;1;0;0;0;0;0
ESA Ambert;3 avenue du 11 novembre, 63600 Ambert;04 73 82 19 69;;Ambert;0;…(à compléter);;1;;0;1;0;0;0;0;0;0;0
CIAS d'Ambert;13 boulevard de l'Europe 63600 Ambert;04 73 82 27 63;www.ambertlivradoisforez.fr;Ambert;1;;;0;;0;0;0;1;0;1;1;1;1
hébergement personne autonomes Ambert : Résidence Fontaine de Goye;13 boulevard de l'Europe 63600 AMBERT;04 73 82 27 63;;Ambert;…(à compléter);;;1;;0;1;0;0;0;0;0;0;0
EHPAD Ambert: Vimal Chabrier;17 av du Mare?chal Foch 63600 Ambert;04 73 82 71 84;;Ambert;;;;…(à compléter);;1;0;0;1;0;0;0;0;0
UHR EHPAD Ambert: Vimal Chabrier;17 av du Mare?chal Foch 63600 Ambert;04 73 82 71 84;;Ambert;;;;;;1;0;0;0;0;0;0;0;0
EHPAD Ambert: Vimal Chabrier (PASA);17 av du Mare?chal Foch 63600 Ambert;04 73 82 71 84;;Ambert;;;;;;0;0;0;1;0;0;0;0;0
Acceuil de jour Ambert : CH préBayle ;14 avenue georges clémenceau 63600 Ambert;04 73 82 73 82;www.ch-ambert.fr;Ambert;;;;;;0;1;0;1;0;1;0;0;0
SSR Centre Hospitalier Ambert ;rue Anna Roddier 63600 Ambert;04 73 82 73 82;www.ch-ambert.fr;Ambert;;;;;;1;0;0;0;0;0;0;0;0
CSG Centre Hospitalier Ambert ;14 avenue georges clémenceau 63600 Ambert;04 73 82 73 82;www.ch-ambert.fr;Ambert;;;;;;1;0;0;0;0;0;0;0;0
SMTI/USLD Centre hospitalier Ambert ;rue Anna Roddier 63600 Ambert;04 73 82 73 82;www.ch-ambert.fr;Ambert;;;;;;1;0;0;1;0;0;0;0;0
EHPAD Ambert: Centre Hospitalier Pre-Bayle;rue Anna Roddier;04 73 82 73 82;;Ambert;;;;;;1;0;0;1;0;0;0;0;0
Unités spécialisées Alzheimer Ambert : Centre Hospitalier Pre-Bayle;rue Anna Roddier 63600 Ambert;04 73 82 73 82;;Ambert;;;;;;1;0;0;0;0;0;0;0;0
Consultation mémoire CH Ambert;14 avenue georges clémenceau 63600 Ambert;04 73 82 73 93;www.ch-ambert.fr;Ambert;;;;;;1;0;0;0;0;0;0;0;0
Equipe mobile de gériatrie ;14 avenue georges clémenceau 63600 Ambert;04 73 82 73 93;www.ch-ambert.fr;Ambert;;;;;;1;0;0;0;0;0;0;0;0
EHPAD Job : Les Versannes;Aérium, 63990 Job;04 73 82 78 30;;Ambert;;;;;;1;0;0;1;0;0;0;0;0
Unités spécialisées Alzheimer Job : Les Versannes;Aérium, 63990 Job;04 73 82 78 30;;Ambert;;;;;;1;0;0;0;0;0;0;0;0
CLIC D'Ambert;13 boulevard de l'Europe 63600 Ambert;04 73 82 96 67;www.cliclivradoisforez.org;Ambert;;;;;;0;1;1;1;0;0;0;1;1
hébergement personne autonomes Arlanc : Saint Josseph ;40 route nationnale 63220 ARLANC;04 73 95 18 00;;Ambert;;;;;;0;1;0;0;0;0;0;0;0
EHPAD Viverols : Pierre Herbecq;Le Chambon, 63840 Viverols;04 73 95 39 39;;Ambert;;;;;;1;0;0;1;0;0;0;0;0
hébergement personne autonomes : Saint antheme : les Tilleuls ;route de saint Clément, 63660 Saint Anthèmes;04 73 95 48 65;;Ambert;;;;;;0;1;0;0;0;0;0;0;0
EHPAD Olliergues : Maison de retraite du Pays d'Olliergues;Avenue Mar de Lattre de Tassigny, 63880 Olliergues;04 73 95 58 82;;Ambert;;;;;;1;0;0;1;0;0;0;0;0
EHPAD Saint Antheme : Le Gonfalon;Route de Saint-Clément, 63660 Saint-Anthème;04 73 95 83 46;;Ambert;;;;;;1;0;0;1;0;0;0;0;0
Hébergement temporaire Arlanc : Saint Josseph ;13 place de l'Ouche 63220 Arlanc;04 73 95 88 88;;Ambert;;;;;;0;1;0;0;0;0;0;0;0
EHPAD Arlanc: Maison de retraite d'Arlanc;13 place de l'Ouche 63220 Arlanc;04 73 95 88 88;;Ambert;;;;;;1;0;0;1;0;0;0;0;0
Opticien mobile;;06 02 05 87 92;www.auvergneopticmobile.fr;Ambert;;;;;;0;0;0;0;0;1;0;0;0
Audioprothésiste Ambert;;;www.pagesjaunes.fr/annuaire/ambert-63/audioprothesistes;Ambert;;;;;;0;0;0;0;0;1;0;0;0
ergothérapeuthe Ambert;;;www.pagesjaunes.fr/annuaire/ambert-63/ergotherapeuthe;Ambert;;;;;;0;0;0;1;1;1;1;0;0
IDE Ambert ;;;www.pagesjaunes.fr/annuaire/ambert-63/infirmiers-cabinets-soins-a-domicile;Ambert;;;;;;0;0;0;1;0;1;0;0;0
Kinésithérapeuthe Ambert;;;www.pagesjaunes.fr/annuaire/ambert-63/kinesitherapeuthe;Ambert;;;;;;0;0;0;1;1;1;1;0;0
Opticien Ambert;;;www.pagesjaunes.fr/annuaire/ambert-63/opticiens;Ambert;;;;;;0;0;0;0;0;1;0;0;0
Podologues Ambert;;;www.pagesjaunes.fr/annuaire/ambert-63/podologues-pedicures-podologues;Ambert;;;;;;0;0;0;0;1;0;0;0;0
Aides à domicile Ambert;;;www.pagesjaunes.fr/annuaire/ambert-63/services-aux-particuliers;Ambert;;;;;;0;0;0;1;0;1;0;0;0
hebergement autonomie La roche blanche : les rives d’Ithaque ;1 rue de la prairie 63670 La roche blanche;04 43 11 03 03;;Billom;;;;;;0;1;0;0;0;0;0;0;0
EHPAD La Roche Blanche : Les rives d'Ithaque;9 Chemin de la Prairie, 63670 La Roche-Blanche;04 43 11 03 03;;Billom;;;;;;1;0;0;1;0;0;0;0;0
hebergement autonomie Veyre menton : Le cap Veyre ;34 Chemin du Chardonnet, 63960 Veyre-Monton;04 63 66 27 38;;Billom;;;;;;0;1;0;0;0;0;0;0;0
EHPAD Veyre Monton : Le Cap Veyre;34 Chemin du Chardonnet, 63960 Veyre-Monton;04 63 66 27 38;;Billom;;;;;;1;0;0;1;0;0;0;0;0
SMTI/USLD Centre hospitalier Billom ;3 bd St Roch 63160 Billom;04 73  60 48 48;www.hl-billom.fr;Billom;;;;;;1;0;0;1;0;0;0;0;0
hebergement autonomie Les martres de Veyres : Résidence Jolivet;70 Rue de Jolivet, 63730 Les Martres-de-Veyre;04 73 39 23 25;;Billom;;;;;;0;1;0;0;0;0;0;0;0
EHPAD Les Martres de Veyre : Résidence Jolivet;70 Rue de Jolivet, 63730 Les Martres-de-Veyre;04 73 39 23 25;;Billom;;;;;;1;0;0;1;0;0;0;0;0
EHPAD Saint Amand Tallende : Le Montel;3 Rue du Parc, 63450 Saint-Amant-Tallende;04 73 39 30 08;www.ehpadssiadlemontel.fr;Billom;;;;;;1;0;0;1;0;0;0;0;0
ESA/ SSIAD le Montel;3 Rue du Parc, 63450 Saint-Amant-Tallende;04 73 39 30 08;;Billom;;;;;;0;1;0;0;0;0;0;0;0
PASA EHPAD le Montel;3 Rue du Parc, 63450 Saint-Amant-Tallende;04 73 39 30 08;;Billom;;;;;;0;0;0;1;0;0;0;0;0
SSR gériatrique  Centre hospitalier Billom;3 bd St Roch 63160 Billom;04 73 60 48 40 ;www.hl-billom.fr;Billom;;;;;;1;0;0;0;0;0;0;0;0
EHPAD CH Billom;3 bd St Roch 63160 Billom;04 73 60 48 40 ;www.hl-billom.fr;Billom;;;;;;1;0;0;1;0;0;0;0;0
CLIC de Billom;21 rue saint loup 63160 Billom;04 73 60 48 85;www.clic-billom.fr;Billom;;;;;;0;1;1;1;0;0;0;1;1
hebergement autonomie Beauregard l’Eveques : Résidence gautier ;56 place du Coudert 63116 Beauregard L'Evèque;04 73 68 02 83;www.ehpad-gautier.com;Billom;;;;;;0;1;0;0;0;0;0;0;0
Acceuil de jour Beauregard  l’Eveque : Résidence gautier UANP;56 place du Coudert 63116 Beauregard L'Evèque;04 73 68 02 83;www.ehpad-gautier.com;Billom;;;;;;0;1;0;1;0;0;0;0;0
EHPAD Beauregard L'Evèque : Re?sidence Gautier;56 place du Coudert 63116 Beauregard L'Evèque;04 73 68 02 83;www.ehpad-gautier.com;Billom;;;;;;1;0;0;1;0;0;0;0;0
Acceui de nuit : Beauregard l’Eveque ;56 place du Coudert 63116 Beauregard L'Evèque;04 73 68 02 83;;Billom;;;;;;1;1;0;0;0;0;0;0;0
EHPAD Vic le Comte : Bargoin;146 Rue du Château, 63270 Vic-le-Comte;04 73 69 00 25;;Billom;;;;;;1;0;0;1;0;0;0;0;0
hebergement autonomie Saint jean des ollieres : Villa saint jean;le bourg, 63520 Saint Jean des Ollieres;04 73 70 93 86;;Billom;;;;;;0;1;0;0;0;0;0;0;0
EHPAD Saint Jean des Ollières : Villa Saint Jean;Le Bourg 63520 Saint Jean des Ollières;04 73 70 93 86;;Billom;;;;;;1;0;0;1;0;0;0;0;0
EHPAD Billom La miséricorde;4 rue de l'évêché 63160 Billom;04 73 73 36 00;www.ehpad-lamisericorde.com;Billom;;;;;;1;0;0;1;0;0;0;0;0
CCAS Billom;rue Carnot, 63160 Billom;04 73 73 37 67;www.billom.fr/Centre-communal-action-sociale;Billom;;;;;;0;0;0;1;0;1;1;1;1
hebergement autonomie / MARPA Perignat es allier : résidence le bruchet ;26 rue  de la resistance et du 8 mai  63800 PERIGNAT ES ALLIER;04 73 77 38 58;www.marpa.fr;Billom;;;;;;0;1;0;0;0;0;0;0;0
Opticien mobile;;06 02 05 87 92;www.auvergneopticmobile.fr;Billom;;;;;;0;0;0;0;0;1;0;0;0
Opticien Billom;;;https://www.pagesjaunes.fr/annuaire/billom-63/opticiens;Billom;;;;;;0;0;0;0;0;1;0;0;0
Audioprothésistes Billom;;;www.pagesjaunes.fr/annuaire/billom-63/audioprothesistes;Billom;;;;;;0;0;0;0;0;1;0;0;0
Ergothérapeuthe Billom;;;www.pagesjaunes.fr/annuaire/billom-63/ergotherapeuthe;Billom;;;;;;0;0;0;1;1;1;1;0;0
IDE BILLOM;;;www.pagesjaunes.fr/annuaire/billom-63/infirmiers-cabinets-soins-a-domicile;Billom;;;;;;0;0;0;1;0;1;0;0;0
Kinésithérapeuthe Billom;;;www.pagesjaunes.fr/annuaire/billom-63/kinesitherapeuthe;Billom;;;;;;0;0;0;1;1;1;1;0;0
Podologues Billom;;;www.pagesjaunes.fr/annuaire/billom-63/podologues-pedicures-podologues;Billom;;;;;;0;0;0;0;1;0;0;0;0
Aides à domicile Billom;;;www.pagesjaunes.fr/recherche/billom-63/aide-a-domicile;Billom;;;;;;0;0;0;1;0;1;0;0;0
Procureur de la république Clermont ;16 place de l'Etoile, CS 20005 63033 CLERMONT FERRAND;                                         04 73 31 77 00;;Clermont ferrand;;;;;;0;0;1;1;0;0;0;0;0
CCAS Nohanent;Mairie, 2 Route de Durtol 63830 Nohanent; 04 73 62 80 21;;Clermont ferrand;;;;;;0;0;0;1;0;1;1;1;1
Hébergement autonomie Perignat les sarlièves : Le castel duval ;allée de bonneval 63170 Perignat les sarlieves;04 15 66 02 00;www.domitys.fr;Clermont ferrand;;;;;;0;1;0;0;0;0;0;0;0
Hebergement temporaireLempdes : Louis pasteur ;4 rue Louis Pasteur 63370 Lempdes;04 63 66 08 37;;Clermont ferrand;;;;;;0;1;0;0;0;0;0;0;0
EHPAD Lempdes : Louis Pasteur;Rue Pasteur 63370 Lempdes;04 63 66 08 37;;Clermont ferrand;;;;;;1;0;0;1;0;0;0;0;0
USA/EHPAD  Lempdes : Louis Pasteur;Rue Pasteur 63370 Lempdes;04 63 66 08 37;;Clermont ferrand;;;;;;1;0;0;0;0;0;0;0;0
PASA EHPAD  Lempdes : Louis Pasteur;Rue Pasteur 63370 Lempdes;04 63 66 08 37;;Clermont ferrand;;;;;;0;0;0;1;0;0;0;0;0
LIS GERZAT;CCAS , avenue de la gare 63360 Gerzat;04 73  23 55 46;www.ville-gerzat.fr/laction-sociale-a-gerzat;Clermont ferrand;;;;;;0;1;1;1;0;0;0;1;1
CCAS Gerzat;CCAS , place de la liberté 63360 Gerzat;04 73  23 55 46;www.ville-gerzat.fr/laction-sociale-a-gerzat;Clermont ferrand;;;;;;0;0;0;1;0;1;1;1;1
CCAS Saint Amand Tallende;Place du Docteur Darteyre, 63450 Saint Amant Tallende;04 73  39 30 20;www.saintamanttallende.fr;Clermont ferrand;;;;;;0;0;0;1;0;1;1;1;1
Hebergement temporaire Gerzat : Le marronnier Blanc ;1 rue de smarroniers, 63360 GERZAT;04 73 14 59 09;;Clermont ferrand;;;;;;0;1;0;0;0;0;0;0;0
EHPAD Gerzat : Le Maronnier blanc;1 Rue des Marronniers, 63360 Gerzat;04 73 14 59 09;;Clermont ferrand;;;;;;1;0;0;1;0;0;0;0;0
USA/EHPAD  Gerzat : Le Maronnier blanc;1 Rue des Marronniers, 63360 Gerzat;04 73 14 59 09;;Clermont ferrand;;;;;;1;0;0;0;0;0;0;0;0
Accueil de jour Clermont  Le moulin ;11 rue saint James 63000 Clermont ferrand;04 73 14 63 80;;Clermont ferrand;;;;;;0;1;0;0;0;0;0;0;0
EHPAD Clermont Le moulin;11 rue saint Rames 63000 Clermont Ferrand;04 73 14 63 80;;Clermont ferrand;;;;;;1;0;0;1;0;0;0;0;0
USA/EHPAD  Clermont Le Moulin;11 rue saint Rames 63000 Clermont Ferrand;04 73 14 63 80;;Clermont ferrand;;;;;;1;0;0;0;0;0;0;0;0
LIS BEAUMONT;CCAS , 21 rue René Brut 63 110 Beaumont;04 73 15 15 93;www.beaumont63.fr;Clermont ferrand;;;;;;0;1;1;1;0;0;0;1;1
CCAS Beaumont;21 rue René Brut 63 110 Beaumont;04 73 15 15 93;www.beaumont63.fr;Clermont ferrand;;;;;;0;0;0;1;0;1;1;1;1
CCAS Cebazat;Mairie, Cours des Perches 63118 Cebazat;04 73 16 30 3O;http://www.cebazat.fr/CCAS.html;Clermont ferrand;;;;;;0;0;0;1;0;1;1;1;1
LIS CEBAZAT;Mairie, Cours des Perches 63118 CebazatMai+B109:D109rie, Cours des Perches 63118 Cebazat;04 73 16 30 3O;www.cebazat.fr/CCAS.html;Clermont ferrand;;;;;;0;1;1;1;0;0;0;1;1
Hébergement autonomie Durtol : résidence les Oliviers;11 avenue de Clermont  63830 DURTOL;04 73 16 30 60;;Clermont ferrand;;;;;;0;1;0;0;0;0;0;0;0
EHPAD Durtol : Résidence les Oliviers;11 Avenue de Clermont, 63830 Durtol;04 73 16 30 60;;Clermont ferrand;;;;;;1;0;0;1;0;0;0;0;0
USA/EHPAD  Durtol : Résidence les Oliviers;11 Avenue de Clermont, 63830 Durtol;04 73 16 30 60;;Clermont ferrand;;;;;;1;0;0;0;0;0;0;0;0
EHPAD Clermont Les Opalines;7 rue Giscard de la Tour Fondue 63000 Clermont Fd;04 73 17 08 00;www.lesopalines/ehpad-clermont-ferrand.fr;Clermont ferrand;;;;;;1;0;0;1;0;0;0;0;0
Hebergement temporaire Clermont ferrand : Les oppalines ;7 rue Giscard de la Tour Fondue 63000 Clermont Fd;04 73 17 08 00;;Clermont ferrand;;;;;;0;1;0;0;0;0;0;0;0
Auvergne basse vision ;30 bis rue Sainte Rose 63000 Clermont Ferrand ;04 73 19 10 00;www.auvisio.org;Clermont ferrand;;;;;;0;0;0;0;0;1;0;0;0
LIS CHAMALIERES;CCAS, 17 avenue de Royat 63400 Chamalières;04 73 19 57 64;www.ville-chamalieres.fr/-Centre-Communal-d-Action-Sociale,98-.html;Clermont ferrand;;;;;;0;1;1;1;0;0;0;1;1
CCAS Chamalières;CCAS, 17 avenue de Royat 63400 Chamalières;04 73 19 57 64;www.ville-chamalieres.fr/-Centre-Communal-d-Action-Sociale,98-.html;Clermont ferrand;;;;;;0;0;0;1;0;1;1;1;1
SSR Chamalières Notre dame;4 avenue Joseph Claussat 63400 Chamalières;04 73 19 58 58 ;;Clermont ferrand;;;;;;1;0;0;0;0;0;0;0;0
CCAS Giat;Mairie rue de l'hotel de ville, 63620 GIAT;04 73 21 71 67;www.mairie-giat.fr;Clermont ferrand;;;;;;0;0;0;1;0;1;1;1;1
CCAS Bourg Lastic;20 route de Clermont 63 048 Bourg Lastic;04 73 21 80 28;http://www.bourg-lastic.fr;Clermont ferrand;;;;;;0;0;0;1;0;1;1;1;1
Hebergement temporaire Clermont ferrand : Les Hortenseias ;3 rue Berteaux 63000 Clermont Fd;04 73 23 67 50;;Clermont ferrand;;;;;;0;1;0;0;0;0;0;0;0
EHPAD Clermont Les Hortencias ;3 rue Berteaux 63000 Clermont Fd;04 73 23 67 50;;Clermont ferrand;;;;;;1;0;0;1;0;0;0;0;0
USA/EHPAD  Clermont Les Hortencias ;3 rue Berteaux 63000 Clermont Fd;04 73 23 67 50;;Clermont ferrand;;;;;;1;0;0;0;0;0;0;0;0
Accueil de jour Clermont  Les Hortencias ;3 rue berteaux 63000 Clermont Fd;04 73 23 67 50 ;;Clermont ferrand;;;;;;0;1;0;0;0;0;0;0;0
EHPAD Cébazat La Mise?ricorde;4 rue de Verdun 63118 Cébazat;04 73 24 28 29;www.ehpad-lamisericorde.com;Clermont ferrand;;;;;;1;0;0;1;0;0;0;0;0
Association  ALMA 63;ALMA 63, BP 20370, 63010 Clermont Ferrand Cedex 1;04 73 24 38 05;;Clermont ferrand;;;;;;0;0;1;1;0;0;0;0;0
EHPAD Aubière: Les Rives d'Artie?re;8 rue Dr Georges Digue 63170 Aubière;04 73 26 10 38;;Clermont ferrand;;;;;;1;0;0;1;0;0;0;0;0
USA/EHPAD Aubière: Les Rives d'Artie?re;8 rue Dr Georges Digue 63170 Aubière;04 73 26 10 38;;Clermont ferrand;;;;;;1;0;0;0;0;0;0;0;0
Hébergement autonomie Clermont Fd Résidence des 9 soleils ;29 rue marivaux 63000 CLERMONT FERRAND;04 73 26 34 58;omeris.com/residences-medicalisees/residence-les-9-soleils/;Clermont ferrand;;;;;;0;1;0;0;0;0;0;0;0
EHPAD Clermont Résidence des 9 soleils;29 rue Marivaux 63000 Clermont Fd;04 73 26 34 58;www.omeris.com;Clermont ferrand;;;;;;1;0;0;1;0;0;0;0;0
USA/EHPAD  Clermont Résidence des 9 soleils;29 rue Marivaux 63000 Clermont Fd;04 73 26 34 58;www.omeris.com;Clermont ferrand;;;;;;1;0;0;0;0;0;0;0;0
Hebergement temporaire Clermont ferrand : Résidence des 9 soleils ;29 rue Marivaux 63000 Clermont Fd;04 73 26 34 58;;Clermont ferrand;;;;;;0;1;0;0;0;0;0;0;0
Hébergement autonomie Beaumont Les Charmilles ;385 rue du montant 63110 BEAUMONT;04 73 26 51 49;;Clermont ferrand;;;;;;0;1;0;0;0;0;0;0;0
Hebergement temporaire Beaumont Les Charmilles ;385 rue du montant 63110 Beaumont;04 73 26 51 49;;Clermont ferrand;;;;;;0;1;0;0;0;0;0;0;0
EHPAD Beaumont : Les Charmilles;385 rue du Montant 63110 Beaumont;04 73 26 51 49;;Clermont ferrand;;;;;;1;0;0;1;0;0;0;0;0
Aides aux aidantsCentre prévention AGRR;2 rue Pierre Boulanger 63100 Clermont Ferrand ;04 73 27 87 10;;Clermont ferrand;;;;;;0;1;0;0;0;1;0;0;0
EHPAD  Royat : Castel Bristol;2 Place Allard, 63130 Royat;04 73 29 50 00;www.ehpad-castelbristol.com;Clermont ferrand;;;;;;1;0;0;1;0;0;0;0;0
CCAS Royat;CCAS, 46 boulevard Barrieu 63130 Royat;04 73 29 50 83;www.royat.fr/fr/centre-communal-d-action-social-36.php;Clermont ferrand;;;;;;0;0;0;1;0;1;1;1;1
LIS ROYAT;CCAS, 46 boulevard Barrieu 63130 Royat;04 73 29 50 83;www.royat.fr/fr/centre-communal-d-action-sociale-36.php;Clermont ferrand;;;;;;0;1;1;1;0;0;0;1;1
Hebergement temporaireRoyat Anatole France ORPEA ;10 Avenue Anatole France, 63130 Royat;04 73 29 54 00;www.orpea.com;Clermont ferrand;;;;;;0;1;0;0;0;0;0;0;0
EHPAD  Royat : ORPEA Anatole France;10 Avenue Anatole France, 63130 Royat;04 73 29 54 00;www.orpea.com;Clermont ferrand;;;;;;1;0;0;1;0;0;0;0;0
USA/EHPAD  Royat : ORPEA Anatole France;10 Avenue Anatole France, 63130 Royat;04 73 29 54 00;www.orpea.com;Clermont ferrand;;;;;;1;0;0;0;0;0;0;0;0
Aides aux aidantsFrance Parkinson;9 bis rue richelieu Les jardins Richelieu 63400 Chamalières;04 73 31 35 32;;Clermont ferrand;;;;;;0;1;0;0;0;1;0;0;0
Hébergement autonomie Chamalières : Les Florances ;2 rue saint rémi 63400 CHAMALIERES;04 73 31 39 38;www.lesflorances.fr;Clermont ferrand;;;;;;0;1;0;0;0;0;0;0;0
Hebergement temporaire Chamalières : Les Savarounes ;1 rue du roc blanc 63 400 Chamalières;04 73 31 76 00;www.ehpad-les-savarounes.com;Clermont ferrand;;;;;;0;1;0;0;0;0;0;0;0
EHPAD Chamalières Les Savarounes;1 r du Roc Blanc 63400 Chamalières;04 73 31 76 00;www.ehpad-les-savarounes.com;Clermont ferrand;;;;;;1;0;0;1;0;0;0;0;0
USA/EHPAD  Chamalières Les Savarounes;1 r du Roc Blanc 63400 Chamalières;04 73 31 76 00;www.ehpad-les-savarounes.com;Clermont ferrand;;;;;;1;0;0;0;0;0;0;0;0
PASA EHPAD  Chamalières Les Savarounes;1 r du Roc Blanc 63400 Chamalières;04 73 31 76 00;www.ehpad-les-savarounes.com;Clermont ferrand;;;;;;0;0;0;1;0;0;0;0;0
Accueil de jour Chamalières : Les Savarounes ;1 r du Roc Blanc 63400 Chamalières;04 73 31 76 00 ;www.ehpad-les-savarounes.com;Clermont ferrand;;;;;;0;1;0;0;0;0;0;0;0
Aides aux aidants : Plateforme accompagnement et de répit Chamalières;1 rur roc Blanc 63400 Chamalières;04 73 31 76 07;www.plateformederepit63.fr;Clermont ferrand;;;;;;0;1;0;0;0;1;0;0;0
EHPAD Chamalières Saint Joseph;20 av de Villars 63400 Chamalières;04 73 31 94 10;;Clermont ferrand;;;;;;1;0;0;1;0;0;0;0;0
USA/EHPAD  Chamalières Saint Joseph;20 av de Villars 63400 Chamalières;04 73 31 94 10;;Clermont ferrand;;;;;;1;0;0;0;0;0;0;0;0
CCAS Riom;15 rue du docteur Ducher 63200 RIOM;04 73 33 49 00;www.ville-riom.fr;Clermont ferrand;;;;;;0;0;0;1;0;1;1;1;1
Accueil de jour Clermont Résidence Renouard ;1 rue renouard 63000 Clermont Ferrand;04 73 34 98 00;www.orpea.com;Clermont ferrand;;;;;;0;1;0;0;0;0;0;0;0
EHPAD Clermont Résidence Renouard;1 rue Renouard 63000 Clermont Ferrand;04 73 34 98 00;www.orpea.com;Clermont ferrand;;;;;;1;0;0;1;0;0;0;0;0
USA/EHPAD  Clermont Résidence Renouard;1 rue Renouard 63000 Clermont Ferrand;04 73 34 98 00;www.orpea.com;Clermont ferrand;;;;;;1;0;0;0;0;0;0;0;0
Hebergement temporaire Clermont ferrand : Résidence renouard ;29 rue Marivaux 63000 Clermont Fd;04 73 34 98 00;;Clermont ferrand;;;;;;0;1;0;0;0;0;0;0;0
Aides aux aidants Du répit pour les familles;17 impasse Massenet résidence les roches bloc vendée 63400 Chamalières  ;04 73 35 52 03 /  06 72 13 58 94;www.durepitpourlesfamilles.fr;Clermont ferrand;;;;;;0;1;0;0;0;1;0;0;0
EHPAD Clermont Ma maison petites sœurs des pauvres;21 Bd Jean Baptiste Dumas 63000 Clermont Ferrand;04 73 36 06 06;www.petitessoeursdespauvres.org;Clermont ferrand;;;;;;1;0;0;1;0;0;0;0;0
EHPAD Clermont Les Mélèzes ;120 rue Abbé Prévost 63100 Clermont Ferrand;04 73 36 88 47;;Clermont ferrand;;;;;;1;0;0;1;0;0;0;0;0
PASA EHPAD Clermont Les Mélèzes ;120 rue Abbé Prévost 63100 Clermont Ferrand;04 73 36 88 47;;Clermont ferrand;;;;;;0;0;0;1;0;0;0;0;0
 Hébergement autonomie Clermont FD Alexandre Varennes ;100 rue fontgiève 63000 CLERMONT FERRAND;04 73 36 88 66;;Clermont ferrand;;;;;;0;1;0;0;0;0;0;0;0
EHPAD Clermont Alexandre Varennes ;100 rue Fontgiève 63000 Clermont Ferrand;04 73 36 88 66;;Clermont ferrand;;;;;;1;0;0;1;0;0;0;0;0
LIS DURTOL;Mairie, Square Charles Sabourin 63830 Durtol;04 73 37 37 06;www.durtol.fr/ccas-durtol-puy-de-dome_fr.html;Clermont ferrand;;;;;;0;1;1;1;0;0;0;1;1
CCAS DURTOL;Mairie, Square Charles Sabourin 63830 Durtol;04 73 37 37 06;www.durtol.fr/ccas-durtol-puy-de-dome_fr.html;Clermont ferrand;;;;;;0;0;0;1;0;1;1;1;1
LIS CLERMONT FERRAND;LIS, 20 rue Georges Clemenceau 63000 Clermont Ferrand;04 73 37 37 06 ;www.clermont-ferrand.fr/2-le-ccas;Clermont ferrand;;;;;;0;1;1;1;0;0;0;1;1
CCAS Saint saturnin;Mairie de saint Saturnin, 10 place du 8 mai 63450 Saint Saturnin;04 73 39 30 77;www.saint-saturnin63.fr;Clermont ferrand;;;;;;0;0;0;1;0;1;1;1;1
CCAS Saint Sandoux;1 place de la mairie 63 450 Saint Sandoux;04 73 39 31 89;www.saint-sandoux.fr;Clermont ferrand;;;;;;0;0;0;1;0;1;1;1;1
CCAS Martres de Veyre;Place Alphonse-Quinsat,  63730 Les Martres-de-Veyre;04 73 39 90 75;www.mairie-lesmartresdeveyre.fr/fr/information/65043/ccas;Clermont ferrand;;;;;;0;0;0;1;0;1;1;1;1
SSR Durtol Clinique cardio pneumologique;8 avenue de la paix 63830 Durtol;04 73 43 29 29;www.cmcpdurtol.fr;Clermont ferrand;;;;;;1;0;0;0;0;0;0;0;0
EHPAD Clermont Sainte Thérèse;33 rue Gabriel Peri 63000 Clermont Fd;04 73 43 53 53;;Clermont ferrand;;;;;;1;0;0;1;0;0;0;0;0
SMTI/USLD Association hospitalière Sainte Jeanne D’arc;33 rue Gabriel Peri 63000 Clermont Fd;04 73 43 53 53 ;www.ahsm.eu;Clermont ferrand;;;;;;1;0;0;1;0;0;0;0;0
LIS AUBIERE;Mairie, place de l'hotel de ville  63170 Aubière;04 73 44 00 03;www.ville-aubiere.fr;Clermont ferrand;;;;;;0;1;1;1;0;0;0;1;1
SSR Beaumont Centre Michel barbat;449 avenue du parc 63110 Beaumont;04 73 44 11 00;www.centre-mbarbat.fr;Clermont ferrand;;;;;;1;0;0;0;0;0;0;0;0
CCAS La Monnerie le Montel;avenue du stade, 63650 La monnerie-le-Montel;04 73 51 49 52;www.lamonnerie-lemontel.fr;Clermont ferrand;;;;;;0;0;0;1;0;1;1;1;1
CIAS de la montagne Thiernoise;Pont de selles,  63250 Celles sur durolle;04 73 51 89 93;www.celles-sur-durolle.fr/ccas/;Clermont ferrand;;;;;;0;0;0;1;0;1;1;1;1
CCAS Charensat;Le bourg,  63640 Charensat ;04 73 52 24 83;www.charensat.fr/;Clermont ferrand;;;;;;0;0;0;1;0;1;1;1;1
SMTI/USLD Clinique du grand pré ORPEA;Les Chaves 63830 Durtol;04 73 60 79 71;www.clinea.fr;Clermont ferrand;;;;;;1;0;0;1;0;0;0;0;0
SSR Ceyrat les sapins ;27 avenue cottages 63122 Ceyrat;04 73 60 81 81 ;www.centremedicalceyrat.org;Clermont ferrand;;;;;;1;0;0;0;0;0;0;0;0
LIS AULNAT;CCAS, 32 bis rue de la république 63510 Aulnat;04 73 61 06 77;www.ville-aulnat.fr;Clermont ferrand;;;;;;0;1;1;1;0;0;0;1;1
CCAS Aulnat;32 bis rue de la république 63510 Aulnat;04 73 61 06 77;www.ville-aulnat.fr;Clermont ferrand;;;;;;0;0;0;1;0;1;1;1;1
Hebergement temporaire Ceyrat : Bois Vallon , Le Lys blanc ;28 rue Vercinge?torix 63122 Ceyrat;04 73 61 54 54;;Clermont ferrand;;;;;;0;1;0;0;0;0;0;0;0
Accueil de jour Ceyrat Le Lys Blanc ;28 rue Vercinge?torix 63122 Ceyrat;04 73 61 54 54;;Clermont ferrand;;;;;;0;1;0;0;0;0;0;0;0
EHPAD Ceyrat Le Lys Blanc;28 rue Vercinge?torix 63122 Ceyrat;04 73 61 54 54;;Clermont ferrand;;;;;;1;0;0;1;0;0;0;0;0
USA/EHPAD  Ceyrat Le Lys Blanc;28 rue Vercinge?torix 63122 Ceyrat;04 73 61 54 54;;Clermont ferrand;;;;;;1;0;0;0;0;0;0;0;0
PASA Ceyrat  EHPAD  Lys Blanc;28 rue Vercinge?torix 63122 Ceyrat;04 73 61 54 54;;Clermont ferrand;;;;;;0;0;0;1;0;0;0;0;0
LIS CEYRAT;Mairie, 1 rue F. Brunmurol 63122 Ceyrat;04 73 61 57 19;www.ceyrat.fr;Clermont ferrand;;;;;;0;1;1;1;0;0;0;1;1
Hébergement autonomie Lempdes : les nymphéas ;8 rue de clermont 63370 LEMPDES;04 73 61 66 02;;Clermont ferrand;;;;;;0;1;0;0;0;0;0;0;0
LIS ROMAGNAT;Centre social, 3 rue des Fours à Chaux 63540 Romagnat;04 73 62 63 00;www.ville-romagnat.fr;Clermont ferrand;;;;;;0;1;1;1;0;0;0;1;1
CCAS Romagnat;3 rue des four à Chaux 63540 Romagnat;04 73 62 63 00;www.ville-romagnat.fr/centre_social.aspx;Clermont ferrand;;;;;;0;0;0;1;0;1;1;1;1
Hebergement temporaireRomagnat : Les tonnelles ;3 place François Mitterrand, 63540 Romagnat;04 73 62 73 20;;Clermont ferrand;;;;;;0;1;0;0;0;0;0;0;0
EHPAD Romagnat : Les Tonnelles;3 Place François Mitterrand, 63540 Romagnat;04 73 62 73 20;;Clermont ferrand;;;;;;1;0;0;1;0;0;0;0;0
SSR Chanat la Mouteyre ;La mouteyre 63530 Chanat la Mouteyre;04 73 62 77 00;www.alteris-asso.org;Clermont ferrand;;;;;;1;0;0;0;0;0;0;0;0
LIS NOHANENT;Mairie, 2 route de Durtol 63830 Nohanent;04 73 62 80 21;www.ville-nohanent.fr;Clermont ferrand;;;;;;0;1;1;1;0;0;0;1;1
CCAS Sayat;rue des mailleries 63530 Sayat;04 73 62 81 23;www.sayat.fr;Clermont ferrand;;;;;;0;0;0;1;0;1;1;1;1
CCAS Aigueperse;153 Grande Rue, 63260 Aigueperse;04 73 63 60 34;www.aigueperse.fr;Clermont ferrand;;;;;;0;0;0;1;0;1;1;1;1
Aides aux aidants CARSAT Auvergne;5 rue entre les 2 villes  63100 Clermont Ferrand;04 73 66 31 55 ;;Clermont ferrand;;;;;;0;1;0;0;0;1;0;0;0
CSG CH Guy Thomas  Riom;1 Boulevard Etienne Clementel 63200 Riom;04 73 67 80 00;www.ch-riom.fr;Clermont ferrand;;;;;;1;0;0;0;0;0;0;0;0
Service de gériatrie hôpital privé Chataigneraie;59 rue de la chataigneraie 63110 Beaumont;04 73 67 80 00;www.elsan.care/fr/hopital-prive-chataigneraie;Clermont ferrand;;;;;;1;0;0;0;0;0;0;0;0
CCAS Beau-regard-l'eveque;64  grande rue 63116 Beau-regard-l'eveque;04 73 68 16 03;www.beauregardleveque.fr;Clermont ferrand;;;;;;0;0;0;1;0;1;1;1;1
CCAS Perignat sur Allier;3 place Onslow, 63800 Perignat sur allier;04 73 69 52 54;www.perignat-les-sarlieve.fr/fr/ccas.php;Clermont ferrand;;;;;;0;0;0;1;0;1;1;1;1
CCAS Veyre Monton;26 rue Cheix Monton 63960 Veyre Monton;04 73 69 60 31;mairie-veyremonton.fr;Clermont ferrand;;;;;;0;0;0;1;0;1;1;1;1
EHPAD Le Cendre : Ambroise Croizat;5 Rue Maryse Bastié, 63670 Le Cendre;04 73 69 91 00;www.ehpad-ambroise-croizat.com;Clermont ferrand;;;;;;1;0;0;1;0;0;0;0;0
LIS LE CENDRE;5 rue Marise Bastier 63 670  Le Cendre;04 73 69 91 97;www.lecendre.fr/Centre-Communal-d-Action-Social.html;Clermont ferrand;;;;;;0;1;1;1;0;0;0;1;1
CCAS Le cendre;5 Rue Maryse Bastié, 63670 Le Cendre;04 73 69 91 97;www.lecendre.fr/Centre-Communal-d-Action-Social.html;Clermont ferrand;;;;;;0;0;0;1;0;1;1;1;1
CCAS Le Brueil sur Couze;2 Place de la Gare, 63340 Le Breuil-sur-Couze;04 73 71 61 09;www.lebreuilsurcouze.fr/fr/information/49917/action-sociale;Clermont ferrand;;;;;;0;0;0;1;0;1;1;1;1
CCAS Anzat le Luguet;Le Bourg 63420 Anzat-Le-Luguet;04 73 71 74 68;www.anzat-le-luguet.fr;Clermont ferrand;;;;;;0;0;0;1;0;1;1;1;1
Hebergement temporaire : Aulnat : Les chenevis;5 rue Le?on Maniez 63510 Aulnat;04 73 73 47 30;www.ehpad-leschenevis-aulnat.fr;Clermont ferrand;;;;;;0;1;0;0;0;0;0;0;0
EHPAD Aulnat Les Che?nevis;5 rue Le?on Maniez 63510 Aulnat;04 73 73 47 30;www.ehpad-leschenevis-aulnat.fr;Clermont ferrand;;;;;;1;0;0;1;0;0;0;0;0
USA/EHPAD  Aulnat : Les Che?nevis;5 rue Le?on Maniez 63510 Aulnat;04 73 73 47 30;www.ehpad-leschenevis-aulnat.fr;Clermont ferrand;;;;;;1;0;0;0;0;0;0;0;0
Accueil de jour Aulnat : Les Chenevies ;5 rue Le?on Maniez 63510 Aulnat;04 73 73 47 30 ;www.ehpad-leschenevis-aulnat.fr;Clermont ferrand;;;;;;0;1;0;0;0;0;0;0;0
Hebergement temporaire Clermont ferrand : Korian L’Oradou ;Allée de Beaulieu 63000 Clermont Ferrand;04 73 74 46 46;www.korian.fr;Clermont ferrand;;;;;;0;1;0;0;0;0;0;0;0
EHPAD Clermont Korian l'Oradou;Allée de Beaulieu 63000 Clermont Ferrand;04 73 74 46 46;www.korian.fr;Clermont ferrand;;;;;;1;0;0;1;0;0;0;0;0
USA/EHPAD  Clermont Korian l'Oradou;Allée de Beaulieu 63000 Clermont Ferrand;04 73 74 46 46;www.korian.fr;Clermont ferrand;;;;;;1;0;0;0;0;0;0;0;0
EHPAD Clermont Les jardins de la charme ;26 rue Jacques Magnier 63000 Clermont Ferrand;04 73 74 91 00;;Clermont ferrand;;;;;;1;0;0;1;0;0;0;0;0
USA/EHPAD  Clermont Les jardins de la charme ;26 rue Jacques Magnier 63000 Clermont Ferrand;04 73 74 91 00;;Clermont ferrand;;;;;;1;0;0;0;0;0;0;0;0
SSR Cébazat ;61 rue de Cha?teauguay 63118 Cébazat;04 73 75 08 35;www.chu-clermontferrand.fr;Clermont ferrand;;;;;;1;0;0;0;0;0;0;0;0
Equipe mobile gériatrie CHU Clermont Ferrand;61 rue de Cha?teauguay 63118 Cébazat;04 73 75 08 35;www.chu-clermontferrand.fr;Clermont ferrand;;;;;;1;0;0;0;0;0;0;0;0
SMTI/USLD Centre hospitalier Nord  Cébazat ;61 rue de Cha?teauguay 63118 Cébazat;04 73 75 09 35;www.chu-clermontferrand.fr;Clermont ferrand;;;;;;1;0;0;1;0;0;0;0;0
EHPAD Cébazat Centre Hospitalier Louise Michel;61 rue de Cha?teauguay 63118 Cébazat;04 73 75 09 35;;Clermont ferrand;;;;;;1;0;0;1;0;0;0;0;0
PASA Cébazat Centre Hospitalier Louise Michel;61 rue de Cha?teauguay 63118 Cébazat;04 73 75 09 35;;Clermont ferrand;;;;;;0;0;0;1;0;0;0;0;0
 Hébergement autonomie Clermont FD Marie et Marius Viple ;6 rue des gras 63000 CLERMONT FERRAND;04 73 75 90 20;;Clermont ferrand;;;;;;0;1;0;0;0;0;0;0;0
Hebergement temporaire Cournon : George Sand ;48 Avenue de la Liberté, 63800 Cournon-d'Auvergne;04 73 77 29 30;;Clermont ferrand;;;;;;0;1;0;0;0;0;0;0;0
EHPAD Cournon Georges Sand;48 Avenue de la Liberté, 63800 Cournon-d'Auvergne;04 73 77 29 30;;Clermont ferrand;;;;;;1;0;0;1;0;0;0;0;0
USA/EHPAD  Cournon : Georges Sand;48 Avenue de la Liberté, 63800 Cournon-d'Auvergne;04 73 77 29 30;;Clermont ferrand;;;;;;1;0;0;0;0;0;0;0;0
EHPAD Blanzat La Colombe;37 place de la Fradie?re 63112 Blanzat;04 73 77 37 77;www.lacolombe.eu;Clermont ferrand;;;;;;1;0;0;1;0;0;0;0;0
USA/EHPAD  Blanzat : La Colombe;37 place de la Fradie?re 63112 Blanzat;04 73 77 37 77;www.lacolombe.eu;Clermont ferrand;;;;;;1;0;0;0;0;0;0;0;0
Hebergement temporaire Blanzat : La colombe;37 place de la Fradie?re 63112 Blanzat;04 73 77 37 77;;Clermont ferrand;;;;;;0;1;0;0;0;0;0;0;0
LIS PERIGNAT;Mairie, place de la mairie 63170 Perignat les sarliève;04 73 79 11 02;www.perignat-les-sarlieve.fr;Clermont ferrand;;;;;;0;1;1;1;0;0;0;1;1
CCAS La Roche Blanche;1 rue de la mairie, 63670 La roche Blanche;04 73 79 40 09;www.mairie-larocheblanche.fr/social-sante-solidarite/ccas/;Clermont ferrand;;;;;;0;0;0;1;0;1;1;1;1
CCAS Besse et saint Anastaise;3 route de du chambourguet  63610 Besse et saint anastaise;04 73 79 81 50;www.besse-superbesse.fr/fr/information/78897/ccas;Clermont ferrand;;;;;;0;0;0;1;0;1;1;1;1
CCAS Saint sauves d'Auvergne;Le bourg, 63950 Saint Sauves d'Auvergne;04 73 81 00 62 ;www.saint-sauves-auvergne.fr;Clermont ferrand;;;;;;0;0;0;1;0;1;1;1;1
Hebergement temporairePont du château : les rives d’allier ;Chemin de Paulhat, 63430 Pont-du-Château;04 73 83 44 31;www.residalya.com;Clermont ferrand;;;;;;0;1;0;0;0;0;0;0;0
LIS ORCINES;Mairie, 2 rue de la mairie 63870 Orcines;04 73 83 73 59;www.orcines.fr;Clermont ferrand;;;;;;0;1;1;1;0;0;0;1;1
LIS PONT DU CHÂTEAU;CCAS , place de l'hotel de ville  63 430 Pont du chateau;04 73 83 73 59;www.pontduchateau.fr;Clermont ferrand;;;;;;0;1;1;1;0;0;0;1;1
CCAS Pont du Château;CCAS , place de l'hotel de ville  63430 Pont du Chateau;04 73 83 73 59;www.pontduchateau.fr/article/action-sociale;Clermont ferrand;;;;;;0;0;0;1;0;1;1;1;1
LIS LEMPDES;CCAS , 3 rue de la réserve 63370 Lempdes;04 73 83 74 70;www.ville-lempdes.fr;Clermont ferrand;;;;;;0;1;1;1;0;0;0;1;1
CCAS Lempdes;CCAS , 3 rue de la réserve 63370 Lempdes;04 73 83 74 70;www.ville-lempdes.fr/seniors/;Clermont ferrand;;;;;;0;0;0;1;0;1;1;1;1
Hebergement temporaireLe cendre : La croix marine;19 Avenue du Puy Marmant, 63670 Le Cendre;04 73 84 03 91;www.croixmarine.fr;Clermont ferrand;;;;;;0;1;0;0;0;0;0;0;0
EHPAD Le Cendre : La Croix Marine;19 Avenue du Puy Marmant, 63670 Le Cendre;04 73 84 03 91;www.croixmarine.fr;Clermont ferrand;;;;;;1;0;0;1;0;0;0;0;0
USA/EHPAD  Le Cendre : La Croix Marine;19 Avenue du Puy Marmant, 63670 Le Cendre;04 73 84 03 91;www.croixmarine.fr;Clermont ferrand;;;;;;1;0;0;0;0;0;0;0;0
LIS COURNON;Maison des citoyens, 15 impasse des Dômes 63 800 Cournon;04 73 84 68 79;www.cournon-auvergne.fr/Solidarite/Centre-Communal-d-Action-Sociale;Clermont ferrand;;;;;;0;1;1;1;0;0;0;1;1
CCAS Cournon d'Auvergne;Maison des citoyens, 15 impasse des Dômes 63800 Cournon;04 73 84 68 79;www.cournon-auvergne.fr/Solidarite/Centre-Communal-d-Action-Sociale;Clermont ferrand;;;;;;0;0;0;1;0;1;1;1;1
CCAS Orcet;11 place Henri Romeuf, 63 670 Orcet;04 73 84 73 17;www.orcet.com/fr/information/65367/le-ccas;Clermont ferrand;;;;;;0;0;0;1;0;1;1;1;1
Hébergement autonomie Cournon : Le cornonet;4 avenue livradois 63800 COURNON D'AUVERGNE;04 73 84 89 17;;Clermont ferrand;;;;;;0;1;0;0;0;0;0;0;0
CCAS Saint Eloy les mines;place Michel duval, 63700 Saint Eloy Les Mines;04 73 85 08 24;www.sainteloylesmines.com;Clermont ferrand;;;;;;0;0;0;1;0;1;1;1;1
CIAS Pays de Menat;Le mont de Menat, 63560 Menat;04 73 85 52 53;www.menat.fr;Clermont ferrand;;;;;;0;0;0;1;0;1;1;1;1
CCAS Coeur de Combrailles;rue Etienne Maison 63390 Saint Gervais d'Auvergne;04 73 85 83 23;mairie-saintgervaisauvergne.fr;Clermont ferrand;;;;;;0;0;0;1;0;1;1;1;1
LIS CHATEAUGAY;Mairie, place Lucien Bayle 63119 Chateaugay;04 73 87 24 35;www.chateaugay.fr/c-c-a-s-visites-a-domicile/;Clermont ferrand;;;;;;0;1;1;1;0;0;0;1;1
LIS BLANZAT;Mairie, 149 rue de la République 63112 Blanzat;04 73 87 40 40;www.ville-blanzat.fr;Clermont ferrand;;;;;;0;1;1;1;0;0;0;1;1
LIS SAINT GENES CHAMPANELLE;Mairie, Le bourg 63 122 Saint Genes Champanelle;04 73 87 40 53;www.saint-genes-champanelle.fr;Clermont ferrand;;;;;;0;1;1;1;0;0;0;1;1
EHPAD Blanzat La Fontaine;123 rue des Jonquilles 63112 Blanzat;04 73 87 42 90;www.ehpad-lafontaine-blanzat.fr;Clermont ferrand;;;;;;1;0;0;1;0;0;0;0;0
USA/EHPAD  Blanzat : La Fontaine;123 rue des Jonquilles 63112 Blanzat;04 73 87 42 90;www.ehpad-lafontaine-blanzat.fr;Clermont ferrand;;;;;;1;0;0;0;0;0;0;0;0
EHPAD Ceyrat Boivallon;1 rue de la Che?naie 63122 Ceyrat;04 73 88 26 00;;Clermont ferrand;;;;;;1;0;0;1;0;0;0;0;0
USA/EHPAD  Ceyrat Boivallon;1 rue de la Che?naie 63122 Ceyrat;04 73 88 26 00;;Clermont ferrand;;;;;;1;0;0;0;0;0;0;0;0
CCAS Pontgibaud;5 rue du frère Genestier, 63230 Pontgibaud;04 73 88 70 42;www.ccpsv.fr/page_id=63;Clermont ferrand;;;;;;0;0;0;1;0;1;1;1;1
Aides aux aidantsFrance Alzheimer;21 rue d'Alsace BP 345 63009 Clermont Ferrand cedex 1;04 73 92 18 66;;Clermont ferrand;;;;;;0;1;0;0;0;1;0;0;0
Hebergement temporaire Clermont ferrand : La sainte famille ;8 rue Claussmann 63000 Clermont Ferrand;04 73 92 36 44;;Clermont ferrand;;;;;;0;1;0;0;0;0;0;0;0
EHPAD Clermont La Sainte famille;8 rue Claussmann 63000 Clermont Ferrand;04 73 92 36 44;;Clermont ferrand;;;;;;1;0;0;1;0;0;0;0;0
USA/EHPAD  Clermont La sainte famille;8 rue Claussmann 63000 Clermont Ferrand;04 73 92 36 44;;Clermont ferrand;;;;;;1;0;0;0;0;0;0;0;0
EHPAD Clermont Vent d'autan;2 allée du Tennis 63000 Clermont Ferrand;04 73 92 94 15;;Clermont ferrand;;;;;;1;0;0;1;0;0;0;0;0
EHPAD Clermont Les Sources;11 rue saint Rames 63000 Clermont Ferrand;04 73 92 94 33;;Clermont ferrand;;;;;;1;0;0;1;0;0;0;0;0
CCAS Saint remy sur durolle;13 rue de l'hôtel de ville 63550 Saint Remy sur Durolle;04 73 94 30 10;www.saintremysurdurolle.fr/ccas;Clermont ferrand;;;;;;0;0;0;1;0;1;1;1;1
CCAS Palladuc;Mairie, Le bourg  63550 Palladuc;04 73 94 32 41;www.commune-palladuc.fr;Clermont ferrand;;;;;;0;0;0;1;0;1;1;1;1
CCAS Puy Guillaume;1 place Jean Jaurès BP 27 63290 Puy Guillaume;04 73 94 70 49;www.puy-guillaume.fr/fr/information/78880/centre-social-maison-roche;Clermont ferrand;;;;;;0;0;0;1;0;1;1;1;1
CCAS Saint Antheme;Route de Montbrison 63319 Saint Antheme;04 73 95 40 20;www.saint-antheme.fr;Clermont ferrand;;;;;;0;0;0;1;0;1;1;1;1
CCAS Saint Diery;Saint Diery haut 63320 Saint Diery;04 73 96 30 09;www.cc-massifdusancy.fr;Clermont ferrand;;;;;;0;0;0;1;0;1;1;1;1
CCAS Combronde;6 rue de l'hotel de Ville 63460 Combronde;04 73 97 10 25;acombronde.chez.com;Clermont ferrand;;;;;;0;0;0;1;0;1;1;1;1
Aides aux aidants Aide et répit;maison des associations 11 rue des sauleés 63013 Clermont Ferrand cedex 1;04 73 98 07 88;www.aideetrepit.fr;Clermont ferrand;;;;;;0;1;0;0;0;1;0;0;0
CCAS Clermont ferrand;1 rue saint vincent de Paul  63000 Clermont-Ferrand;04 73 98 07 98;www.clermont-ferrand.fr/2-le-ccas;Clermont ferrand;;;;;;0;0;0;1;0;1;1;1;1
Opticien mobile;;06 02 05 87 92;www.auvergneopticmobile.fr;Clermont ferrand;;;;;;0;0;0;0;0;1;0;0;0
 Hébergement autonomie Clermont FD résidence les villages d’or ;34 rue morel Ladeuil 63000 CLERMONT FERRAND;08 00 00 79 29;www.les-villages-dor.com;Clermont ferrand;;;;;;0;1;0;0;0;0;0;0;0
Hébergement autonomie Clermont FD résidence La girandiere ;42 rue du clos four  63000 CLERMONT FERRAND;08 00 96 99 96;www.girandieres.com/residences-seniors/auvergne-rhone-alpes/clermont-ferrand-296.html;Clermont ferrand;;;;;;0;1;0;0;0;0;0;0;0
Service de gériatrie Pole santé république;105 avenue de la république 63100 Clermont Ferrand;08 26 30 44 99;www.elsan.care/fr/pole-sante-republique;Clermont ferrand;;;;;;1;0;0;0;0;0;0;0;0
SSR Chamalières les 6 lacs;8 rue des garnaudes 63400 Chamalières;08 26 96 00 15;www.clinea.fr;Clermont ferrand;;;;;;1;0;0;0;0;0;0;0;0
Podologues Clermont;;;www.pagesjaunes.fr/annuaire/clermont-ferrand/podologue;Clermont ferrand;;;;;;0;0;0;0;1;0;0;0;0
Audioprothésistes Clermont;;;www.pagesjaunes.fr/annuaire/clermont-ferrand-63/audioprothesistes;Clermont ferrand;;;;;;0;0;0;0;0;1;0;0;0
Ergothérapeuthe Clermont ;;;www.pagesjaunes.fr/annuaire/clermont-ferrand-63/ergothérapie;Clermont ferrand;;;;;;0;0;0;1;1;1;1;0;0
IDE Clermont ;;;www.pagesjaunes.fr/annuaire/clermont-ferrand-63/infirmiers-cabinets-soins-a-domicile;Clermont ferrand;;;;;;0;0;0;1;0;1;0;0;0
Kinésithérapeuthe Clermont;;;www.pagesjaunes.fr/annuaire/clermont-ferrand-63/kinesitherapeutes-masseurs-kinesitherapeutes;Clermont ferrand;;;;;;0;0;0;1;1;1;1;0;0
Opticiens Clermont ;;;www.pagesjaunes.fr/annuaire/clermont-ferrand-63/opticiens;Clermont ferrand;;;;;;0;0;0;0;0;1;0;0;0
Aides à domicile Clermont;;;www.pagesjaunes.fr/annuaire/departement/puy-de-dome-63/auxiliaire-de-vie;Clermont ferrand;;;;;;0;0;0;1;0;1;0;0;0
Accueil de jour Clermont ;;;;Clermont ferrand;;;;;;0;1;0;0;0;0;0;0;0
ESA Clermont ;19 rue Georges Clemenceau 63000 Clermont ferrand;04 73 98 07 80;www.clermontdom.fr;Clermontferrand;;;;;;0;1;0;0;0;0;0;0;0
SSR Issoire Centre Hospitalier Paul Ardier ;13 rue du Docteur Sauvat 63500 Issoire;04 73  89 72 72;www.ch-issoire.com;Issoire;;;;;;1;0;0;0;0;0;0;0;0
CSG Issoire Centre Hospitalier Paul Ardier ;13 rue du Docteur Sauvat 63500 Issoire;04 73  89 72 72;www.ch-issoire.com;Issoire;;;;;;1;0;0;0;0;0;0;0;0
ESA SSIAD le Montel;3 Rue du Parc, 63450 Saint-Amant-Tallende;04 73 39 30 08;;Issoire;;;;;;0;1;0;0;0;0;0;0;0
hebergements temporaires Brassac les mines : Les vallons fleurits ;2 av Charles de Gaulle 63570 Brassac les Mines;04 73 54 52 52;www.lacolombe.eu;Issoire;;;;;;0;1;0;0;0;0;0;0;0
PASA EHPAD Brassac les mines : Les vallons fleurits ;2 av Charles de Gaulle 63570 Brassac les Mines;04 73 54 52 52;www.lacolombe.eu;Issoire;;;;;;0;0;0;1;0;0;0;0;0
hebergements temporaires Champeix : Les campellis;route de clemensat 63320 CHAMPEIX;04 73 54 55 70;;Issoire;;;;;;0;1;0;0;0;0;0;0;0
EHPAD Champeix: Les campellis;63320 Champeix;04 73 54 55 70;;Issoire;;;;;;1;0;0;1;0;0;0;0;0
Unité Spécialisées Alzheimer Champeix : Les campellis;route de clemensat 63320 CHAMPEIX;04 73 54 55 70;;Issoire;;;;;;1;0;0;0;0;0;0;0;0
hebergements temporaires Ardes sur couzes : la roseraie;teyde 63420 Ardes sur Couze;04 73 71 83 54;www.ehpad-ardes.fr;Issoire;;;;;;0;1;0;0;0;0;0;0;0
EHPAD Ardes sur Couze: La Roseraie;Teyde 63420 Ardes sur Couze;04 73 71 83 54;www.ehpad-ardes.fr;Issoire;;;;;;1;0;0;1;0;0;0;0;0
Unité Spécialisées Alzheimer Ardes sur couzes : la roseraie;teyde 63420 Ardes sur Couze;04 73 71 83 54;www.ehpad-ardes.fr;Issoire;;;;;;1;0;0;0;0;0;0;0;0
hebergements automone  Egliseneuve d’entraigues ;le bourg, 63850 EGLISENEUVE D'ENTRAIGUES;04 73 71 90 13;;Issoire;;;;;;0;1;0;0;0;0;0;0;0
hebergements temporaires Besses : Saint Anestezes ;rue de la resistance 63610 BESSE ET SAINT ANASTAISE;04 73 79 55 40;;Issoire;;;;;;0;1;0;0;0;0;0;0;0
EHPAD Besse Saint Anastaise: La Couze Pavin;17 rue Pre?s de la Ville 63610 Besse Saint Anastaise;04 73 79 55 40;;Issoire;;;;;;1;0;0;1;0;0;0;0;0
Unité Spécialisées Alzheimer Besses : Saint Anestezes ;rue de la resistance 63610 BESSE ET SAINT ANASTAISE;04 73 79 55 40;;Issoire;;;;;;1;0;0;0;0;0;0;0;0
EHPAD Saint Nectaire : Résidence Jeanson;Chemin du Say, 63710 Saint-Nectaire;04 73 88 50 87;;Issoire;;;;;;1;0;0;1;0;0;0;0;0
hebergements temporaires Issoire La providence ;9 rue de la Safournière, 63500 Issoire;04 73 89 19 81;www.ehpad-laprovidence-issoire.com;Issoire;;;;;;0;1;0;0;0;0;0;0;0
Acceuil de jour Issoire : La Providence ;9 rue de la Safournière, 63500 Issoire;04 73 89 19 81;www.ehpad-laprovidence-issoire.com;Issoire;;;;;;0;1;0;1;0;0;1;0;0
EHPAD Issoire : La Providence;9 Rue de la Safournière, 63500 Issoire;04 73 89 19 81;www.ehpad-laprovidence-issoire.com;Issoire;;;;;;1;0;0;1;0;0;0;0;0
hebergements automone  Issoire : La cascade ;9 rue raoul Bardy, 63500 Issoire;04 73 89 47 29;;Issoire;;;;;;0;1;0;0;0;0;0;0;0
hebergements temporaires Issoire : La Cascade;9 rue raoul Bardy, 63500 Issoire;04 73 89 47 29;;Issoire;;;;;;0;1;0;0;0;0;0;0;0
CLIC Issoire;11 rue espagnon 63500 Issoire;04 73 89 67 38;www.personnes-agee-aide-issoire.fr;Issoire;;;;;;0;1;1;1;0;0;0;1;1
CCAS Issoire;24 Rue de la Berbiziale, 63500 Issoire;04 73 89 71 30;www.issoire.fr/Solidarite/Action-sociale/Le-Centre-Communal-d-Action-Sociale;Issoire;;;;;;0;0;0;1;0;1;1;1;1
EHPAD Issoire : CH Paul Ardier;13 rue du Docteur Sauvat 63500 Issoire;04 73 89 72 72;;Issoire;;;;;;1;0;0;1;0;0;0;0;0
SMTI/USLD Issoire CH;13 rue du Docteur Sauvat 63500 Issoire;04 73 89 72 80;www.ch-issoire.com;Issoire;;;;;;1;0;0;1;0;0;0;0;0
hebergements temporaires Saint germain lembron Le verger ;Chemin de la Plagne, 63340 Saint-Germain-Lembron;04 73 96 42 72;;Issoire;;;;;;0;1;0;0;0;0;0;0;0
EHPAD Saint Germain Lembron : Le Verger;Chemin de la Plagne, 63340 Saint-Germain-Lembron;04 73 96 42 72;;Issoire;;;;;;1;0;0;1;0;0;0;0;0
hebergements temporaires Sauxillanges Charles Andraud ;6 Rue de l'Hospice, 63490 Sauxillanges;04 73 96 82 24;;Issoire;;;;;;0;1;0;0;0;0;0;0;0
EHPAD Sauxillanges : Charles ANDRAUD;6 Rue de l'Hospice, 63490 Sauxillanges;04 73 96 82 24;;Issoire;;;;;;1;0;0;1;0;0;0;0;0
Opticien mobile;;06 02 05 87 92;www.auvergneopticmobile.fr;Issoire;;;;;;0;0;0;0;0;1;0;0;0
SSR Issoire les Sorbiers; 16 route de Saint Germain 63500 Issoire;08 26 28 28 18;www.clinea.fr;Issoire;;;;;;1;0;0;0;0;0;0;0;0
Aides à domicile issoire;;;www.pagesjaunes.fr/annuaire/issoire-63/aide-a-domicile;Issoire;;;;;;0;0;0;1;0;1;0;0;0
Audioprothésiste Issoire;;;www.pagesjaunes.fr/annuaire/issoire-63/audioprothesistes;Issoire;;;;;;0;0;0;0;0;1;0;0;0
IDE Issoire;;;www.pagesjaunes.fr/annuaire/issoire-63/infirmiers-cabinets-soins-a-domicile;Issoire;;;;;;0;0;0;1;0;1;0;0;0
Ergothérapeuthe Issoire;;;www.pagesjaunes.fr/annuaire/issoire-63/kinesitherapeutes-masseurs-kinesitherapeutes;Issoire;;;;;;0;0;0;1;1;1;1;0;0
Opticien Issoire;;;www.pagesjaunes.fr/annuaire/issoire-63/opticiens;Issoire;;;;;;0;0;0;0;0;1;0;0;0
Podologue Issoire;;;www.pagesjaunes.fr/annuaire/issoire-63/podologues-pedicures-podologues;Issoire;;;;;;0;0;0;0;1;0;0;0;0
Kinésithérapeuthe Issoire;;;www.pagesjaunes.fr/pros/12122555;Issoire;;;;;;0;0;0;1;1;1;1;0;0
EHPAD Tauves ;Route de Clermont 63690 Tauves;04 73 21 12 86;;Le Mont Dore;;;;;;1;0;0;1;0;0;0;0;0
EHPAD La Tour d'Auvergne : Le Grand Megnaud;18 Le Mont-Dore, 63680 La Tour-d'Auvergne;04 73 21 52 17;;Le Mont Dore;;;;;;1;0;0;1;0;0;0;0;0
EHPAD Bourg Lastic: Les Bruye?res;3 alle?e Marcel Pagnol 63760 Bourg Lastic;04 73 21 86 66;www.bourg-lastic.fr/ehpad.html;Le Mont Dore;;;;;;1;0;0;1;0;0;0;0;0
CCAS Mont Dore;1 rue côte Boissy 63240 Mont Dore;04 73 65 20 00;www.mairie-mont-dore.fr;Le Mont Dore;;;;;;0;0;0;1;0;1;1;1;1
CLIC Mont Dore;maison des services de santé, ancienne poste 63200 Riom;04 73 65 20 89;www.clicmontdore.com;Le Mont Dore;;;;;;0;1;1;1;0;0;0;1;1
SSR Centre Hospitalier Le Mont Dore ;2 rue du capitaine Chazotte 63240 Le Mont Dore;04 73 65 33 33;www.hopital-montdore.com;Le Mont Dore;;;;;;1;0;0;0;0;0;0;0;0
SMTI/USLD Centre hospitalier Le Mont Dore ;2 rue du capitaine Chazotte 63240 Le Mont Dore;04 73 65 33 33;www.hopital-montdore.com;Le Mont Dore;;;;;;1;0;0;0;0;0;0;0;0
EHPAD Le Mont Dore : Saint Paul;5 Place Charles de Gaulle, 63240 Le Mont-Dore;04 73 65 33 33;;Le Mont Dore;;;;;;1;0;0;1;0;0;0;0;0
ESA Mont dore;2 rue capitaine chazotte, 63240 Mont Dore;04 73 65 33 99;;Le Mont Dore;;;;;;0;1;0;0;0;0;0;0;0
hebergements temporaires Rochefort montagne : Saint Elisabeth;le marchédial, 63210 Rochefort-Montagne;04 73 65 82 27;www.ehpad-rochefort-montagne.fr;Le Mont Dore;;;;;;0;1;0;0;0;0;0;0;0
EHPAD Rochefort Montagne : Sainte Elisabeth;Le Marchédial, 63210 Rochefort-Montagne;04 73 65 82 27;www.ehpad-rochefort-montagne.fr;Le Mont Dore;;;;;;1;0;0;1;0;0;0;0;0
USA  EHPAD Rochefort Montagne : Sainte Elisabeth;Le Marchédial, 63210 Rochefort-Montagne;04 73 65 82 27;www.ehpad-rochefort-montagne.fr;Le Mont Dore;;;;;;1;0;0;0;0;0;0;0;0
hebergement automnomie MARPA : Saint Sauves d’Auvergnes : résidence du parc ;parc municipal 63950 Saint Sauves d'Auvergne;04 73 81 00 62;www.marpa.fr;Le Mont Dore;;;;;;0;1;0;0;0;0;0;0;0
hebergements temporaires Saint sauves d’auvergne Résidence du parc ;parc municipal, 63950 Saint sauves d'Auvergne;04 73 81 00 62;;Le Mont Dore;;;;;;0;1;0;0;0;0;0;0;0
Opticien mobile;;06 02 05 87 92;www.auvergneopticmobile.fr;Le Mont Dore;;;;;;0;0;0;0;0;1;0;0;0
Kinésithérapeute Le mont dore;;;www.pagesjaunes.fr/annuaire/le-mont-dore-63/kinesitherapeutes-masseurs-kinesitherapeutes;Le Mont Dore;;;;;;0;0;0;1;1;1;1;0;0
Opticien Le Mont dore;;;www.pagesjaunes.fr/annuaire/le-mont-dore-63/opticiens;Le Mont Dore;;;;;;0;0;0;0;0;1;0;0;0
Aides à domicile Le Mont Dore;;;www.pagesjaunes.fr/annuaire/le-mont-dore-63/services-a-domicile-pour-personnes-agees-personnes-dependantes;Le Mont Dore;;;;;;0;0;0;1;0;1;0;0;0
Podologue Le Mont Dore;;;www.pagesjaunes.fr/pros/06642207;Le Mont Dore;;;;;;0;0;0;0;1;0;0;0;0
IDE Le mont dore;;;www.pagesjaunes.fr/pros/53375324;Le Mont Dore;;;;;;0;0;0;1;0;1;0;0;0
Ergothérapeute Le mont dore;;;;Le Mont Dore;;;;;;0;0;0;1;1;1;1;0;0
Audioprothésiste Le Mont Dore;;;;Le Mont Dore;;;;;;0;0;0;0;0;1;0;0;0
hebergement temporaires Randan : Les tilleuls;2 Rue des Dômes, 63310 Randan;04 70 41 50 95;www.ehpad-randan.fr;Riom;;;;;;0;1;0;0;0;0;0;0;0
EHPAD Randan :Les Tilleuls;2 Rue des Dômes, 63310 Randan;04 70 41 50 95;www.ehpad-randan.fr;Riom;;;;;;1;0;0;1;0;0;0;0;0
hebergement temporaires Randan  : Villa Claudine ;4 place de la Mairie, 63310 Randan;04 70 41 56 66;www.villaclaudine.fr;Riom;;;;;;0;1;0;0;0;0;0;0;0
EHPAD Randan :Villa Claudine;4 Place de la Mairie, 63310 Randan;04 70 41 56 66;www.villaclaudine.fr;Riom;;;;;;1;0;0;1;0;0;0;0;0
EHPAD Giat ;1 Allée René Pabiot, 63620 Giat;04 73 21 77 41;www.ehpad-giat.com;Riom;;;;;;1;0;0;1;0;0;0;0;0
CLIC Riom;73 rue lafayette 63200 Riom;04 73 33 17 64;www.clic-riom.fr;Riom;;;;;;0;1;1;1;0;0;0;1;1
EHPAD Mozac : ORPEA L'Ambène;Rue de la Fond Vachette, 63200 Mozac;04 73 33 40 40;www.orpea.com;Riom;;;;;;1;0;0;1;0;0;0;0;0
EHPAD Volvic : Au fil de l'eau;6 Rue du Pont Chaput, 63530 Volvic;04 73 33 43 83;;Riom;;;;;;1;0;0;1;0;0;0;0;0
CCAS Riom;15 rue du docteur Ducher 63200 RIOM;04 73 33 49 00;www.ville-riom.fr;Riom;;;;;;0;0;0;1;0;1;1;1;1
SSR Enval Clémentel;Rue centre hospitalier 63530 Enval;04 73 33 75 65;www.ch-clementel.fr;Riom;;;;;;1;0;0;0;0;0;0;0;0
EHPAD Charensat : Les mésanges bleues;Le bourg 63640 Charensat;04 73 52 24 83;;Riom;;;;;;1;0;0;1;0;0;0;0;0
Acceuil de jour : Saint Eloy Les Mines : les jardons d’Alois ;allée du jardin d'Alois 63890 Saint Eloy les mines;04 73 52 37 82;;Riom;;;;;;0;1;0;1;0;0;0;0;0
hebergement temporaires Menat : pays de Menat ;les Chomettes, 63560 Menat;04 73 52 77 90;www.maison-retraite-ombelle.com;Riom;;;;;;0;1;0;0;0;0;0;0;0
EHPAD Menat: Pays de Menat;Lieu Dit Chaumettes 63560 Menat;04 73 52 77 90;;Riom;;;;;;1;0;0;1;0;0;0;0;0
EHPAD Effiat ;31 Rue Antoine Coiffier, 63260 Effiat;04 73 63 64 12;www.maisonderetraite-effiat.com;Riom;;;;;;1;0;0;1;0;0;0;0;0
EHPAD Ennezat : Le bosquet;8 Rue du Moulin, 63720 Ennezat;04 73 63 81 64;www.ehpad-lebosquet.fr;Riom;;;;;;1;0;0;1;0;0;0;0;0
hebergement autonomie Riom : jeanne d’arc ;27 rue Jeanne  d'Arc 63200 RIOM;04 73 64 25 25;www.foyer-jeannedarc-riom.fr;Riom;;;;;;0;1;0;0;0;0;0;0;0
EHPAD Aigueperse : Serge Bayle;2 bd de l’ho?pital;04 73 64 40 00;www.mr-aigueperse.com;Riom;;;;;;1;0;0;1;0;0;0;0;0
PASA EHPAD Aigueperse : Serge Bayle;2 bd de l’ho?pital;04 73 64 40 00;www.mr-aigueperse.com;Riom;;;;;;0;0;0;1;0;0;0;0;0
CSG CH Guy Thomas  Riom;1 Boulevard Etienne Clementel 63200 Riom;04 73 67 80 00;www.ch-riom.fr;Riom;;;;;;1;0;0;0;0;0;0;0;0
Consultation mémoire (CEGERM) CH Guy Thomas  Riom;1 Boulevard Etienne Clementel 63200 Riom;04 73 67 80 00;www.ch-riom.fr;Riom;;;;;;1;0;0;0;0;0;0;0;0
SMTI/USLD CH RIOM GUY THOMAS;1 boulevard Etienne Clémentel, 63200 RIOM;04 73 67 80 00;www.ch-riom.fr;Riom;;;;;;1;0;0;1;0;0;0;0;0
EHPAD CH Riom : Les Jardins ;Rue Amable Faucon, 63200 Riom;04 73 67 80 44;;Riom;;;;;;1;0;0;1;0;0;0;0;0
EHPAD CH Riom : Pasteur;Boulevard Etienne Clementel 63200 Riom;04 73 67 80 44;;Riom;;;;;;1;0;0;1;0;0;0;0;0
EHPAD Pontaumur : Les Roches;Rue Montaigne, 63380 Pontaumur;04 73 79 92 01;;Riom;;;;;;1;0;0;1;0;0;0;0;0
EHPAD Montaigut en Combraille : Maison Jean Paul Toucas;10 Rue Saint-Roch, 63700 Montaigut;04 73 85 00 78;;Riom;;;;;;1;0;0;1;0;0;0;0;0
hebergement autonomie Saint Eloy les Mines ;8 rue  A Varenne 63700 Saint Eloy les mines;04 73 85 16 72;www.foyer-logement-steloy.fr;Riom;;;;;;0;1;0;0;0;0;0;0;0
ESA des combrailles;rue du general desaix , 63390 Saint gervais d'Auvergne;04 73 85 59 66;;Riom;;;;;;0;1;0;0;0;0;0;0;0
EHPAD Pionsat : La Louisiane;3 Rue du Collège, 63330 Pionsat;04 73 85 60 46;;Riom;;;;;;1;0;0;1;0;0;0;0;0
PASA EHPAD  Pionsat : La Louisiane;3 Rue du Collège, 63330 Pionsat;04 73 85 60 46;;Riom;;;;;;0;0;0;1;0;0;0;0;0
SSR Pionsat, APAJH CMPR;Lozelle 6330 PIONSAT;04 73 85 63 64 ;WWW.cmpr-pionsat.com;Riom;;;;;;1;0;0;0;0;0;0;0;0
hebergement autonomie Saint gervais d’auvergne : Les tilleuls ;rue etienne maison, 63390 Saint-Gervais-d'Auvergne;04 73 85 83 23;;Riom;;;;;;0;1;0;0;0;0;0;0;0
EHPAD Saint Gervais d'Auvergne : Maurice Savy;Rue Etienne Maison, 63390 Saint-Gervais-d'Auvergne;04 73 85 83 23;;Riom;;;;;;1;0;0;1;0;0;0;0;0
hebergement temporaires Chatel Guyon : Les candelies ;49 rue Antoine Faucher, 63140 Châtel-Guyon;04 73 86 04 38;;Riom;;;;;;0;1;0;0;0;0;0;0;0
EHPAD Chatel Guyon : Les candelies;49 Rue Antoine Faucher, 63140 Châtel-Guyon;04 73 86 04 38;;Riom;;;;;;1;0;0;1;0;0;0;0;0
EHPAD Loubeyrat : Maison Saint Jean Baptiste;Le Bourg, 63410 Loubeyrat;04 73 86 22 46;www.ehpad-loubeyrat.com;Riom;;;;;;1;0;0;1;0;0;0;0;0
EHPAD Manzat : Le Montel;35 Route de Riom  63410 Manzat;04 73 86 57 45;;Riom;;;;;;1;0;0;1;0;0;0;0;0
EHPAD Les Ancizes Comps ;Rue de la Liberté, 63770 Les Ancizes-Comps;04 73 86 81 59;;Riom;;;;;;1;0;0;1;0;0;0;0;0
EHPAD Pontgibaud : Le relais de poste;10 Rue des Anciennes Tanneries, 63230 Pontgibaud;04 73 88 37 00;;Riom;;;;;;1;0;0;1;0;0;0;0;0
EHPAD Saint Ours les Roches : Les Roches;Route des Volcans, 63230 Saint-Ours;04 73 88 90 59;www.residence-lesroches.com;Riom;;;;;;1;0;0;1;0;0;0;0;0
hebergement temporaires Combromde : les orchies ;3 Rue de la Barre, 63460 Combronde;04 73 97 11 53;;Riom;;;;;;0;1;0;0;0;0;0;0;0
EHPAD Combronde : Les orchis;3 Rue de la Barre, 63460 Combronde;04 73 97 11 53;;Riom;;;;;;1;0;0;1;0;0;0;0;0
Opticien mobile;;06 02 05 87 92;www.auvergneopticmobile.fr;Riom;;;;;;0;0;0;0;0;1;0;0;0
Aide et repit Combrailles : plateforme d'Accompagnement et de répit (PFAR);Rue du général Desaix BP 25 63390 Saint Gervais d'Auvergne;07 50 65 60 72;www.ssiad-esa-combrailles.fr;Riom;;;;;;;;;;;;;;
Aides à domicile Riom;;;www.pagesjaunes.fr/annuaire/riom-63/aide-a-domicile;Riom;;;;;;0;0;0;1;0;1;0;0;0
Audioprothésiste Riom;;;www.pagesjaunes.fr/annuaire/riom-63/audioprothesistes;Riom;;;;;;0;0;0;0;0;1;0;0;0
Ergothérapeuthe RIOM;;;www.pagesjaunes.fr/annuaire/riom-63/ergotherapeuthe;Riom;;;;;;0;0;0;1;0;1;1;0;0
Kinésithérapeuthe RIOM;;;www.pagesjaunes.fr/annuaire/riom-63/kinesitherapeuthe;Riom;;;;;;0;0;0;1;0;1;1;0;0
Opticien Riom;;;www.pagesjaunes.fr/annuaire/riom-63/opticiens;Riom;;;;;;0;0;0;0;0;1;0;0;0
Podologue Riom;;;www.pagesjaunes.fr/annuaire/riom-63/podologues-pedicures-podologues;Riom;;;;;;0;0;0;0;1;0;0;0;0
SSR Centre hospitalier Thiers;Route de Fau 63300 Thiers;04 73 51 10 00;www.ch-thiers.fr;Thiers;;;;;;1;0;0;0;0;0;0;0;0
CSG Centre hospitalier de Thiers;Route de Fau 63300 Thiers;04 73 51 10 00;www.ch-thiers.fr;Thiers;;;;;;1;0;0;0;0;0;0;0;0
EHPAD Thiers : L'Aquarelle CH;Route de Fau 63300 Thiers;04 73 51 10 26;;Thiers;;;;;;1;0;0;1;0;0;0;0;0
SMTI/USLD Centre hospitalier Thiers : Aquarelle;Route de Fau 63300 Thiers;04 73 51 10 84;www.ch-thiers.fr;Thiers;;;;;;1;0;0;1;0;0;0;0;0
EHPAD Thiers : Le Belvédère;Les Belins (rue du Belvédère) 63300 Thiers;04 73 51 12 80;;Thiers;;;;;;1;0;0;1;0;0;0;0;0
hebergement temporairesLa monnerie le montel : Les chatilles ;rue du bonnefond;04 73 51 62 00;;Thiers;;;;;;0;1;0;0;0;0;0;0;0
CLIC Thiers;4 place des hirondelles 63300 Thiers;04 73 51 64 85;www.clic-thiers.com;Thiers;;;;;;0;1;1;1;0;0;0;1;1
hebergement temporaires Courpières : Les papillons d’or ;32 avenue de Thiers,63120 Courpière;04 73 53 29 60;www.ehpadlespapillonsdor.com;Thiers;;;;;;0;1;0;0;0;0;0;0;0
EHPAD Courpière : Les papillons d'or;Avenue de Thiers, 63120 Courpière;04 73 53 29 60;www.ehpadlespapillonsdor.com;Thiers;;;;;;1;0;0;1;0;0;0;0;0
UnItés spécialisées Alzheimer/ EHPAD  Courpière : Les papillons d'or;Avenue de Thiers, 63120 Courpière;04 73 53 29 60;www.ehpadlespapillonsdor.com;Thiers;;;;;;1;0;0;0;0;0;0;0;0
PASA EHPAD Courpières : Les papillons d’or ;32 avenue de Thiers,63120 Courpière;04 73 53 29 60;www.ehpadlespapillonsdor.com;Thiers;;;;;;0;0;0;1;0;0;0;0;0
hebergement temporaires Lezoux : Saint joseph ;52 Rue des Aisés, 63190 Lezoux;04 73 68 27 27;www.ehpadsaintjoseph-lezoux.com;Thiers;;;;;;0;1;0;0;0;0;0;0;0
EHPAD Lezoux :Maison Saint Joseph;52 Rue des Aisés, 63190 Lezoux;04 73 68 27 27;www.ehpadsaintjoseph-lezoux.com;Thiers;;;;;;1;0;0;1;0;0;0;0;0
UnItés spécialisées Alzheimer/ EHPAD Lezoux :Maison Saint Joseph;52 Rue des Aisés, 63190 Lezoux;04 73 68 27 27;www.ehpadsaintjoseph-lezoux.com;Thiers;;;;;;1;0;0;0;0;0;0;0;0
Accueil de jour Maringues : L’ombelle;rue beaudet Lafarge, 63350 Maringues;04 73 68 60 79;www.maison-retraite-ombelle.com;Thiers;;;;;;0;1;0;1;0;1;0;0;0
EHPAD Maringues : L'Ombrelle;Rue Beaudet Lafarge, 63350 Maringues;04 73 68 60 79;www.maison-retraite-ombelle.com;Thiers;;;;;;1;0;0;1;0;0;0;0;0
UnItés spécialisées Alzheimer/ EHPAD : Maringues : L'Ombrelle;Rue Beaudet Lafarge, 63350 Maringues;04 73 68 60 79;www.maison-retraite-ombelle.com;Thiers;;;;;;1;0;0;0;0;0;0;0;0
hebergement temporaires Maringues : L’ombelle ;rue beaudet Lafarge, 63350 Maringues;04 73 68 60 79;;Thiers;;;;;;0;1;0;0;0;0;0;0;0
PASA EHPAD Maringues : L’ombelle ;rue beaudet Lafarge, 63350 Maringues;04 73 68 60 79;;Thiers;;;;;;0;0;0;1;0;0;0;0;0
EHPAD Culhat : Groisne Constance;Rue Mairie, 63350 Culhat;04 73 70 23 55;;Thiers;;;;;;1;0;0;1;0;0;0;0;0
PASA EHPAD Culhat : Groisne Constance;Rue Mairie, 63350 Culhat;04 73 70 23 55;;Thiers;;;;;;0;0;0;1;0;0;0;0;0
EHPAD Saint Jean d'Heurs : Michele Agenon;RD 2089, 63190 Saint-Jean-d'Heurs;04 73 73 13 31;;Thiers;;;;;;1;0;0;1;0;0;0;0;0
UnItés spécialisées Alzheimer/ EHPAD :Saint Jean d'Heurs : Michele Agenon;RD 2089, 63190 Saint-Jean-d'Heurs;04 73 73 13 31;;Thiers;;;;;;1;0;0;0;0;0;0;0;0
EHPAD Lezoux : Mon Repos;5 Place Jean Rimbert, 63190 Lezoux;04 73 73 28 28;www.maisonderetraite-monrepos-lezoux.com;Thiers;;;;;;1;0;0;1;0;0;0;0;0
UnItés spécialisées Alzheimer/ EHPAD Lezoux :Mon Repos;5 Place Jean Rimbert, 63190 Lezoux;04 73 73 28 28;www.maisonderetraite-monrepos-lezoux.com;Thiers;;;;;;1;0;0;0;0;0;0;0;0
CCAS Thiers;14 rue pasteur 63300 Thiers;04 73 80 69 44;www.ville-thiers.fr/le-ccas.fr;Thiers;;;;;;0;0;0;1;0;1;1;1;1
hebergements autonomies Puy guillaume le colombier ;3 rue pasteur, 63290 Puy-Guillaume;04 73 94 10 22;;Thiers;;;;;;0;1;0;0;0;0;0;0;0
hebergement temporaires Puy guillaume : Le colombier ;3 rue pasteur, 63290 Puy-Guillaume;04 73 94 10 22;;Thiers;;;;;;0;1;0;0;0;0;0;0;0
EHPAD Puy Guillaume : Le Colombier;3 Rue Pasteur, 63290 Puy-Guillaume;04 73 94 10 22;;Thiers;;;;;;1;0;0;1;0;0;0;0;0
hebergement temporaires Chabreloche : Résidence chandalon ;route d'Arconsat 63250 Chabreloche;04 73 94 49 30;;Thiers;;;;;;0;1;0;0;0;0;0;0;0
EHPAD Chabreloche : Re?sidence Chandalon;route d'Arconsat 63250 Chabreloche;04 73 94 49 30;;Thiers;;;;;;1;0;0;1;0;0;0;0;0
Opticien mobile;;06 02 05 87 92;www.auvergneopticmobile.fr;Thiers;;;;;;0;0;0;0;0;1;0;0;0
hebergements autonomies La monnerie le montel : résidence les Figoulées ;1 rue du montel, 63650 La Monnerie-le-Montel;09 62 36 14 30;;Thiers;;;;;;0;1;0;0;0;0;0;0;0
EHPAD La Monnerie le Montel : Le Chatilles;1 Rue du Montel, 63650 La Monnerie-le-Montel;09 62 36 14 30;;Thiers;;;;;;1;0;0;1;0;0;0;0;0
UnItés spécialisées Alzheimer/ EHPAD La Monnerie le Montel : Le Chatilles;1 Rue du Montel, 63650 La Monnerie-le-Montel;09 62 36 14 30;;Thiers;;;;;;1;0;0;0;0;0;0;0;0
Opticien Thiers;;;https://www.pagesjaunes.fr/annuaire/thiers-63/opticiens;Thiers;;;;;;0;0;0;0;0;1;0;0;0
Podologues Thiers;;;https://www.pagesjaunes.fr/annuaire/thiers-63/podologues-pedicures-podologues;Thiers;;;;;;0;0;0;0;1;0;0;0;0
Ergothérapeuthe Thiers;;;www.pagesjaunes.fr/annuaire/thier-63/ergotherapeuthe;Thiers;;;;;;0;0;0;1;0;1;1;0;0
Kinésithérapeuthe Thiers;;;www.pagesjaunes.fr/annuaire/thier-63/kinesitherapeuthe;Thiers;;;;;;0;0;0;1;0;1;1;0;0
Aide à domicile Thiers ;;;www.pagesjaunes.fr/annuaire/thiers-63/aide-a-domicile;Thiers;;;;;;0;0;0;1;0;1;0;0;0
Audioprothésistes Thiers;;;www.pagesjaunes.fr/annuaire/thiers-63/audioprothesistes;Thiers;;;;;;0;0;0;0;0;1;0;0;0
IDE Thiers;;;www.pagesjaunes.fr/annuaire/thiers-63/infirmiers-cabinets-soins-a-domicile;Thiers;;;;;;0;0;0;1;0;1;0;0;0
EHPAD Brassac les Mines: Les Vallons Fleuris;2 av Charles de Gaulle 63570 Brassac les Mines;04 73 54 52 52;;;;;;;;1;0;0;1;0;0;0;0;0
